food_name,time,url
Camembert uunissa,alle 30 min,https://public.keskofiles.com/f/recipe/uunicamember_KR11_22?w=400&h=225&fit=crop&q=60&fm=jpg
Tähtipizzat,yli 60 min,https://public.keskofiles.com/f/recipe/tahtipizzat_KR12_22?w=400&h=225&fit=crop&q=60&fm=jpg
Joulubrita,yli 60 min,https://public.keskofiles.com/f/recipe/joulubrita_KR11_22?w=400&h=225&fit=crop&q=60&fm=jpg
Mustikkapannacotta,yli 60 min,https://public.keskofiles.com/f/recipe/mustikkapannac_KR12_22?w=400&h=225&fit=crop&q=60&fm=jpg
Sinihomejuusto-päärynäsalaatti,alle 15 min,https://public.keskofiles.com/f/recipe/sinihomejuusto_KR12_22?w=400&h=225&fit=crop&q=60&fm=jpg
Possupaisti ja omenasalsa,yli 60 min,https://public.keskofiles.com/f/recipe/possupaisti_ja_KR12_22?w=400&h=225&fit=crop&q=60&fm=jpg
Siideriglögi,alle 15 min,https://public.keskofiles.com/f/recipe/siideriglogi_KR12_22?w=400&h=225&fit=crop&q=60&fm=jpg
Kahvijuustokakku,yli 60 min,https://public.keskofiles.com/f/recipe/kahvijuustokak_KR11_22?w=400&h=225&fit=crop&q=60&fm=jpg
Lohicrudo eli pikamarinoitu lohi,30 - 60 min,https://public.keskofiles.com/f/recipe/lohicrudo_KR12_22?w=400&h=225&fit=crop&q=60&fm=jpg
Savulohidippi,alle 30 min,https://public.keskofiles.com/f/recipe/Savulohidippi_KR12_22?w=400&h=225&fit=crop&q=60&fm=jpg
Lanttulaatikkorieska,alle 30 min,https://public.keskofiles.com/f/recipe/lanttulaatikkori_KR12_22?w=400&h=225&fit=crop&q=60&fm=jpg
Pienet juustococktailpalat,alle 30 min,https://public.keskofiles.com/f/recipe/pienet_juustoco_KR12_22?w=400&h=225&fit=crop&q=60&fm=jpg
Baot joulukinkusta,alle 30 min,https://public.keskofiles.com/f/recipe/baot_joulukink_KR12_22?w=400&h=225&fit=crop&q=60&fm=jpg
Antipastokranssi,alle 30 min,https://public.keskofiles.com/f/recipe/antipastokrans_KR11_22?w=400&h=225&fit=crop&q=60&fm=jpg
Marmoroidut piparit,alle 30 min,https://public.keskofiles.com/f/recipe/marmoroidut_pip_KR12_22?w=400&h=225&fit=crop&q=60&fm=jpg
Piparileivokset,alle 30 min,https://public.keskofiles.com/f/recipe/piparileivokset_KR11_22?w=400&h=225&fit=crop&q=60&fm=jpg
Vaahtokarkkikepit,alle 30 min,https://public.keskofiles.com/f/recipe/vaahtokarkkikep_KR12_22?w=400&h=225&fit=crop&q=60&fm=jpg
Vanilja-kanelipikkuleivät,yli 60 min,https://public.keskofiles.com/f/recipe/kanelipikkuleivat_22?w=400&h=225&fit=crop&q=60&fm=jpg
Minitaatelikakut,yli 60 min,https://public.keskofiles.com/f/recipe/minitaatelikakut_KR12_22?w=400&h=225&fit=crop&q=60&fm=jpg
Joulumokkapalat,30 - 60 min,https://public.keskofiles.com/f/recipe/joulumokkapalat_KR12_22?w=400&h=225&fit=crop&q=60&fm=jpg
Annanperunat,yli 60 min,https://public.keskofiles.com/f/recipe/Annanperunat_KR10_22?w=400&h=225&fit=crop&q=60&fm=jpg
Brownie-joulukuusi,alle 30 min,https://public.keskofiles.com/f/recipe/Brownie_joulukuu_KR1_23?w=400&h=225&fit=crop&q=60&fm=jpg
Juureslaatikko,yli 60 min,https://public.keskofiles.com/f/recipe/juureslaatikko_KR12_22?w=400&h=225&fit=crop&q=60&fm=jpg
Glögispritz,alle 15 min,https://public.keskofiles.com/f/recipe/glogispritz_KR11_22?w=400&h=225&fit=crop&q=60&fm=jpg
Yrttikuorrutettu paahtopaisti,yli 60 min,https://public.keskofiles.com/f/recipe/Yrttikuorrutettu_KR10_22?w=400&h=225&fit=crop&q=60&fm=jpg
Sipsipelti,alle 30 min,https://public.keskofiles.com/f/recipe/sipsipelti_KR5_22?w=400&h=225&fit=crop&q=60&fm=jpg
Gluteeniton voitaikina,yli 60 min,https://public.keskofiles.com/f/recipe/gluteenittomat_j_KR3_22?w=400&h=225&fit=crop&q=60&fm=jpg
Kylmäsavulohiruisnapit,alle 15 min,https://public.keskofiles.com/f/recipe/lohiruisnapit_21?w=400&h=225&fit=crop&q=60&fm=jpg
Rommi-kirsikkajoulutortut,alle 30 min,https://public.keskofiles.com/f/recipe/Rommikirsikkatortut?w=400&h=225&fit=crop&q=60&fm=jpg
Vegaaninen piparitaikina,yli 60 min,https://public.keskofiles.com/f/recipe/Vegaaninen_pipar_KR3_22?w=400&h=225&fit=crop&q=60&fm=jpg
Gluteenittomat joulutortut,yli 60 min,https://public.keskofiles.com/f/recipe/gluteenittomat_j_KR3_22?w=400&h=225&fit=crop&q=60&fm=jpg
Jouluinen juustotarjotin,alle 30 min,https://public.keskofiles.com/f/recipe/Jouluinen_juustot_KR1_22?w=400&h=225&fit=crop&q=60&fm=jpg
Päärynä-sinihomejuustoleivät,alle 30 min,https://public.keskofiles.com/f/recipe/Paarynasinihomejuusto?w=400&h=225&fit=crop&q=60&fm=jpg
Viikunat ja mascarponevaahto,alle 15 min,https://public.keskofiles.com/f/recipe/viikunatjamascarpone?w=400&h=225&fit=crop&q=60&fm=jpg
Parmankinkkuviikunat,alle 30 min,https://public.keskofiles.com/f/recipe/parmankinkkuviikunat?w=400&h=225&fit=crop&q=60&fm=jpg
Mokkapalafudge,yli 60 min,https://public.keskofiles.com/f/recipe/Mokkapalafudge_KR1_22?w=400&h=225&fit=crop&q=60&fm=jpg
Paistettu siika ja mätikastike,30 - 60 min,https://public.keskofiles.com/f/recipe/Paistettusiika_21?w=400&h=225&fit=crop&q=60&fm=jpg
Taatelisalaatti,alle 30 min,https://public.keskofiles.com/f/recipe/Taatelisalaatti_KR12_21?w=400&h=225&fit=crop&q=60&fm=jpg
Glögipannacotta,yli 60 min,https://public.keskofiles.com/f/recipe/Glogipannacotta_KR12_21?w=400&h=225&fit=crop&q=60&fm=jpg
Juuresvuoka,yli 60 min,https://public.keskofiles.com/f/recipe/Juuresvuoka_KR12_21?w=400&h=225&fit=crop&q=60&fm=jpg
Joululihapullat,30 - 60 min,https://public.keskofiles.com/f/recipe/joululihapullat_KR12_21?w=400&h=225&fit=crop&q=60&fm=jpg
Vegaaninen joulukranssi,yli 60 min,https://public.keskofiles.com/f/recipe/Vegaaninen_joul_KR12_21?w=400&h=225&fit=crop&q=60&fm=jpg
Suklaajäädyke,yli 60 min,https://public.keskofiles.com/f/recipe/Suklaajaadyke_KR12_21?w=400&h=225&fit=crop&q=60&fm=jpg
Vaniljariisi ja inkivääripäärynät,yli 60 min,https://public.keskofiles.com/f/recipe/Vaniljariisi_ja_KR12_21?w=400&h=225&fit=crop&q=60&fm=jpg
Vaahtokarkkipiparit,alle 30 min,https://public.keskofiles.com/f/recipe/Vaahtokarkkipip_KR12_21?w=400&h=225&fit=crop&q=60&fm=jpg
Kalkkunafilee,yli 60 min,https://public.keskofiles.com/f/recipe/Kalkkunafilee_KR12_21?w=400&h=225&fit=crop&q=60&fm=jpg
Mätisipsit,alle 15 min,https://public.keskofiles.com/f/recipe/Matisipsit_KR12_21?w=400&h=225&fit=crop&q=60&fm=jpg
Jouluinen herkkutarjotin,alle 15 min,https://public.keskofiles.com/f/recipe/Holiday_platt_KR11_21?w=400&h=225&fit=crop&q=60&fm=jpg
Taatelijuustokakku,yli 60 min,https://public.keskofiles.com/f/recipe/Taatelijuustoka_KR12_21?w=400&h=225&fit=crop&q=60&fm=jpg
Omenasiideri-cocktail,30 - 60 min,https://public.keskofiles.com/f/recipe/Omenasiideri_co_KR12_21?w=400&h=225&fit=crop&q=60&fm=jpg
Kuhaceviche,yli 60 min,https://public.keskofiles.com/f/recipe/Kuhaceviche_KR12_21?w=400&h=225&fit=crop&q=60&fm=jpg
Ruusukaalicaesar,alle 30 min,https://public.keskofiles.com/f/recipe/Ruusukaalicaes_KR12_21?w=400&h=225&fit=crop&q=60&fm=jpg
Lasimestarin silakka,yli 60 min,https://public.keskofiles.com/f/recipe/lasimestarin_sila_KR9_21?w=400&h=225&fit=crop&q=60&fm=jpg
Hatsapurillo ja adjika,alle 30 min,https://public.keskofiles.com/f/recipe/hatsapurillo_KR12_21?w=400&h=225&fit=crop&q=60&fm=jpg
Riisisuklaapalat,yli 60 min,https://public.keskofiles.com/f/recipe/Riisisuklaapalat_KR12_21?w=400&h=225&fit=crop&q=60&fm=jpg
Karpalokinkku,30 - 60 min,https://public.keskofiles.com/f/recipe/Karpalokinkku_KR12_21?w=400&h=225&fit=crop&q=60&fm=jpg
Taatelipallot,alle 30 min,https://public.keskofiles.com/f/recipe/Taatelipallot_KR12_21?w=400&h=225&fit=crop&q=60&fm=jpg
Lanttulaatikkopannarit,30 - 60 min,https://public.keskofiles.com/f/recipe/Lanttulaatikkop_KR12_21?w=400&h=225&fit=crop&q=60&fm=jpg
Appelsiini-kinuskikakku,yli 60 min,https://public.keskofiles.com/f/recipe/Appelsiini_kinu_KR12_21?w=400&h=225&fit=crop&q=60&fm=jpg
Polkamuffinit,30 - 60 min,https://public.keskofiles.com/f/recipe/Polkkamuffinit_KR11_21?w=400&h=225&fit=crop&q=60&fm=jpg
Piparkakkutalo purkissa,yli 60 min,https://public.keskofiles.com/f/recipe/Piparkakkutalo_KR11_21?w=400&h=225&fit=crop&q=60&fm=jpg
Piparkakut vohveliraudalla,30 - 60 min,https://public.keskofiles.com/f/recipe/Piparkakut_voh_KR11_21?w=400&h=225&fit=crop&q=60&fm=jpg
Päärynä-fetapiirakka,yli 60 min,https://public.keskofiles.com/f/recipe/Paaryna_fetapii_KR11_21?w=400&h=225&fit=crop&q=60&fm=jpg
Kokonaisena paahdettu juuriselleri,yli 60 min,https://public.keskofiles.com/f/recipe/Kokonaisena_pa_KR11_21?w=400&h=225&fit=crop&q=60&fm=jpg
Rypälecrostinit,30 - 60 min,https://public.keskofiles.com/f/recipe/Rypalecrostini_KR11_21?w=400&h=225&fit=crop&q=60&fm=jpg
Persimonkakku,yli 60 min,https://public.keskofiles.com/f/recipe/Persimonikakku_KR11_21?w=400&h=225&fit=crop&q=60&fm=jpg
Glögiskumppa,alle 15 min,https://public.keskofiles.com/f/recipe/glogiskumppa_KR11_21?w=400&h=225&fit=crop&q=60&fm=jpg
Fazerina-banoffee,alle 30 min,https://public.keskofiles.com/f/recipe/Fazerina_banof_KR11_21?w=400&h=225&fit=crop&q=60&fm=jpg
Persimonhillo,yli 60 min,https://public.keskofiles.com/f/recipe/Persimonhillo_KR11_21?w=400&h=225&fit=crop&q=60&fm=jpg
Kylmäsavulohipizza,yli 60 min,https://public.keskofiles.com/f/recipe/Kylmasavulohi_KR11_21?w=400&h=225&fit=crop&q=60&fm=jpg
Chorizo-perunasalaatti,30 - 60 min,https://public.keskofiles.com/f/recipe/Chorizo_perunas_KR11_21?w=400&h=225&fit=crop&q=60&fm=jpg
Klementiinigraavattu kirjolohi,yli 60 min,https://public.keskofiles.com/f/recipe/Klementiinigra_KR11_21?w=400&h=225&fit=crop&q=60&fm=jpg
Karpalokana,30 - 60 min,https://public.keskofiles.com/f/recipe/Karpalokana_KR11_21?w=400&h=225&fit=crop&q=60&fm=jpg
Pähkinäkierteet,yli 60 min,https://public.keskofiles.com/f/recipe/Pahkinakierteet_KR11_21?w=400&h=225&fit=crop&q=60&fm=jpg
Paistetut satsumat,alle 15 min,https://public.keskofiles.com/f/recipe/Paistetut_satsu_KR10_21?w=400&h=225&fit=crop&q=60&fm=jpg
Antipastolautanen,alle 15 min,https://public.keskofiles.com/f/recipe/Antipasto_KR8_21?w=400&h=225&fit=crop&q=60&fm=jpg
Päärynäcarpaccio,alle 15 min,https://public.keskofiles.com/f/recipe/Paarynacarpacci_KR10_21?w=400&h=225&fit=crop&q=60&fm=jpg
Loimulohirieskat,30 - 60 min,https://public.keskofiles.com/f/recipe/Loimulohirieskat_KR9_21?w=400&h=225&fit=crop&q=60&fm=jpg
Piparkakkurahka,alle 15 min,https://public.keskofiles.com/f/recipe/Piparkakkurahka_KR12_21?w=400&h=225&fit=crop&q=60&fm=jpg
Marinoidut oliivit,yli 60 min,https://public.keskofiles.com/f/recipe/marinoidut_oliiv_KR5_21?w=400&h=225&fit=crop&q=60&fm=jpg
Lihapasteijat,30 - 60 min,https://public.keskofiles.com/f/recipe/lihapasteijat_KR4_21?w=400&h=225&fit=crop&q=60&fm=jpg
Härkis-nachopelti,alle 30 min,https://public.keskofiles.com/f/recipe/harkis_nachopelti_KR4_21?w=400&h=225&fit=crop&q=60&fm=jpg
Kukkatorttu,30 - 60 min,https://public.keskofiles.com/f/recipe/kukkajoulutortut_20?w=400&h=225&fit=crop&q=60&fm=jpg
Munajuusto,yli 60 min,https://public.keskofiles.com/f/recipe/munajuusto_KR4_21?w=400&h=225&fit=crop&q=60&fm=jpg
Kastike kinkulle ilman paistolientä,alle 15 min,https://public.keskofiles.com/f/recipe/kinkunkastike_20?w=400&h=225&fit=crop&q=60&fm=jpg
Bataattibrownie,yli 60 min,https://public.keskofiles.com/f/recipe/bataattibrownie_KR3_21?w=400&h=225&fit=crop&q=60&fm=jpg
Jäädytetty appelsiini-suklaajuustokakku,yli 60 min,https://public.keskofiles.com/f/recipe/jaady_appel_sukl_KR3_21?w=400&h=225&fit=crop&q=60&fm=jpg
Punaviinirisotto,30 - 60 min,https://public.keskofiles.com/f/recipe/punaviinirisotto_KR3_21?w=400&h=225&fit=crop&q=60&fm=jpg
Lumihiutaletortut,alle 30 min,https://public.keskofiles.com/f/recipe/lumihiutaletor_KR1_21?w=400&h=225&fit=crop&q=60&fm=jpg
Kandeeratut appelsiininkuoret,yli 60 min,https://public.keskofiles.com/f/recipe/appelsiinijuusto_KR1_21?w=400&h=225&fit=crop&q=60&fm=jpg
Karpalojuustokakku,yli 60 min,https://public.keskofiles.com/f/recipe/karpalojuustoka_KR1_21?w=400&h=225&fit=crop&q=60&fm=jpg
Vegaaninen glögijuustokakku,yli 60 min,https://public.keskofiles.com/f/recipe/Vegaaninen_glo_KR1_21?w=400&h=225&fit=crop&q=60&fm=jpg
Gluteeniton maustekakku,yli 60 min,https://public.keskofiles.com/f/recipe/gluteeniton_mau_KR1_21?w=400&h=225&fit=crop&q=60&fm=jpg
Appelsiinijuustokakku,yli 60 min,https://public.keskofiles.com/f/recipe/appelsiinijuusto_KR1_21?w=400&h=225&fit=crop&q=60&fm=jpg
Appelsiinimarinoidut jättikatkaravunpyrstöt,yli 60 min,https://public.keskofiles.com/f/recipe/jattikatkaravun_KR12_20?w=400&h=225&fit=crop&q=60&fm=jpg
Lohiterriini,yli 60 min,https://public.keskofiles.com/f/recipe/lohiterriini_KR1_21?w=400&h=225&fit=crop&q=60&fm=jpg
Vegaaninen silli,yli 60 min,https://public.keskofiles.com/f/recipe/vegaaninen_silli_2020?w=400&h=225&fit=crop&q=60&fm=jpg
Biscoff-juustokakku,yli 60 min,https://public.keskofiles.com/f/recipe/biscoff_juustoka_KR1_21?w=400&h=225&fit=crop&q=60&fm=jpg
Luonnonkala-ruisnapit,alle 15 min,https://public.keskofiles.com/f/recipe/luonnonkalaruisnapit?w=400&h=225&fit=crop&q=60&fm=jpg
Granaattiomenakuorrute,alle 15 min,https://public.keskofiles.com/f/recipe/kakunkuorrutus_20?w=400&h=225&fit=crop&q=60&fm=jpg
Pororullat,alle 15 min,https://public.keskofiles.com/f/recipe/pororullat_KR12_20?w=400&h=225&fit=crop&q=60&fm=jpg
Donitsipiparit,30 - 60 min,https://public.keskofiles.com/f/recipe/donitsipiparit_KR12_20?w=400&h=225&fit=crop&q=60&fm=jpg
Maustepaahdettua siikaa ja siianmäti-piimäkastiketta,yli 60 min,https://public.keskofiles.com/f/recipe/maustepaahdettua_siikaa_20?w=400&h=225&fit=crop&q=60&fm=jpg
Härkätartar ja metsäsienimuhennosta,30 - 60 min,https://public.keskofiles.com/f/recipe/harkatartar_20?w=400&h=225&fit=crop&q=60&fm=jpg
Omenamehussa haudutettua uuniomenaa ja suolakaramellia,yli 60 min,https://public.keskofiles.com/f/recipe/uuniomena_20?w=400&h=225&fit=crop&q=60&fm=jpg
Vegaaninen juureslaatikko,yli 60 min,https://public.keskofiles.com/f/recipe/vegaaninen_juur_KR12_20?w=400&h=225&fit=crop&q=60&fm=jpg
Suklaatryffelit,yli 60 min,https://public.keskofiles.com/f/recipe/suklaatryffelit_KR12_20?w=400&h=225&fit=crop&q=60&fm=jpg
Vaalea glögijuustokakku,yli 60 min,https://public.keskofiles.com/f/recipe/vaalea_glogiju_KR12_20?w=400&h=225&fit=crop&q=60&fm=jpg
Juustokranssi,alle 30 min,https://public.keskofiles.com/f/recipe/Juustokranssi_KR11_20?w=400&h=225&fit=crop&q=60&fm=jpg
Sydänjoulutortut,30 - 60 min,https://public.keskofiles.com/f/recipe/sydanjoulutortu_KR12_20?w=400&h=225&fit=crop&q=60&fm=jpg
Kukkakaali-klementiinisalaatti,30 - 60 min,https://public.keskofiles.com/f/recipe/kukkakaali_klem_KR12_20?w=400&h=225&fit=crop&q=60&fm=jpg
Katkarapusalaattitacot,alle 30 min,https://public.keskofiles.com/f/recipe/katkarapusalaat_KR12_20?w=400&h=225&fit=crop&q=60&fm=jpg
Jouluinen klementiinirahka,alle 15 min,https://public.keskofiles.com/f/recipe/jouluinen_klem_KR12_20?w=400&h=225&fit=crop&q=60&fm=jpg
Kirsikkakompotti,yli 60 min,https://public.keskofiles.com/f/recipe/Kirsikkakompott_KR11_20?w=400&h=225&fit=crop&q=60&fm=jpg
Lohitartar,yli 60 min,https://public.keskofiles.com/f/recipe/lohitartar_KR12_20?w=400&h=225&fit=crop&q=60&fm=jpg
Nachopelti siivistä,alle 30 min,https://public.keskofiles.com/f/recipe/nachopelti_siiv_KR12_20?w=400&h=225&fit=crop&q=60&fm=jpg
Päärynä-lehtikaalisalaatti,alle 15 min,https://public.keskofiles.com/f/recipe/paaryna_lehtik_KR12_20?w=400&h=225&fit=crop&q=60&fm=jpg
Rocky road -jäätelö,yli 60 min,https://public.keskofiles.com/f/recipe/rocky_road_jaat_KR12_20?w=400&h=225&fit=crop&q=60&fm=jpg
Cokiskinkku,yli 60 min,https://public.keskofiles.com/f/recipe/Cokiskinkku_KR12_20?w=400&h=225&fit=crop&q=60&fm=jpg
Kalkkunafilee ja karpalokastike,30 - 60 min,https://public.keskofiles.com/f/recipe/kalkkunafilee_KR12_20?w=400&h=225&fit=crop&q=60&fm=jpg
Joululohi,30 - 60 min,https://public.keskofiles.com/f/recipe/joululohi_KR12_20?w=400&h=225&fit=crop&q=60&fm=jpg
Perunapannari,30 - 60 min,https://public.keskofiles.com/f/recipe/perunapannari_KR12_20?w=400&h=225&fit=crop&q=60&fm=jpg
Suolaiset joulutortut,30 - 60 min,https://public.keskofiles.com/f/recipe/Suolaisetjoulut_KR11_20?w=400&h=225&fit=crop&q=60&fm=jpg
Pekoni-päärynät,alle 30 min,https://public.keskofiles.com/f/recipe/Pekoni_paarynat_KR11_20?w=400&h=225&fit=crop&q=60&fm=jpg
Katajainen kotikalja,yli 60 min,https://public.keskofiles.com/f/recipe/katajainen_koti_KR12_20?w=400&h=225&fit=crop&q=60&fm=jpg
Klementiinisalaatti,alle 30 min,https://public.keskofiles.com/f/recipe/Klementiinisala_KR11_20?w=400&h=225&fit=crop&q=60&fm=jpg
Luumukakku,yli 60 min,https://public.keskofiles.com/f/recipe/Luumukakku_KR11_20?w=400&h=225&fit=crop&q=60&fm=jpg
Lakritsikaakao,alle 15 min,https://public.keskofiles.com/f/recipe/Lakritsikaakao_KR11_20?w=400&h=225&fit=crop&q=60&fm=jpg
Paahdetut viinirypäleet,alle 30 min,https://public.keskofiles.com/f/recipe/Paahdetut_viini_KR11_20?w=400&h=225&fit=crop&q=60&fm=jpg
Bataatti-vuohenjuustopalat,alle 30 min,https://public.keskofiles.com/f/recipe/Bataatti_vuohe_KR11_20?w=400&h=225&fit=crop&q=60&fm=jpg
Halvataatelit,alle 15 min,https://public.keskofiles.com/f/recipe/Halvataatelit_KR11_20?w=400&h=225&fit=crop&q=60&fm=jpg
Jouluinen porkkanakakku,yli 60 min,https://public.keskofiles.com/f/recipe/Jouluinen_porkk_KR11_20?w=400&h=225&fit=crop&q=60&fm=jpg
Gluteeniton joululimppu,yli 60 min,https://public.keskofiles.com/f/recipe/gluteeniton_jou_KR12_20?w=400&h=225&fit=crop&q=60&fm=jpg
Sokerisuolattu lohi,yli 60 min,https://public.keskofiles.com/f/recipe/sokerisuolattu_KR12_20?w=400&h=225&fit=crop&q=60&fm=jpg
Joulucoleslaw,alle 30 min,https://public.keskofiles.com/f/recipe/joulucoleslaw_KR12_20?w=400&h=225&fit=crop&q=60&fm=jpg
Omenasilli,alle 15 min,https://public.keskofiles.com/f/recipe/omenasilli_KR12_20?w=400&h=225&fit=crop&q=60&fm=jpg
Luumujäädyke,yli 60 min,https://public.keskofiles.com/f/recipe/luumujaadyke_KR12_20?w=400&h=225&fit=crop&q=60&fm=jpg
Suklaa-appelsiinirahkapiparit,alle 15 min,https://public.keskofiles.com/f/recipe/Suklaa_appelsii_KR11_20?w=400&h=225&fit=crop&q=60&fm=jpg
Suklaiset minipretzelit,alle 30 min,https://public.keskofiles.com/f/recipe/Suklaiset_minip_KR11_20?w=400&h=225&fit=crop&q=60&fm=jpg
Leipäjuustopannu,alle 30 min,https://public.keskofiles.com/f/recipe/Leipajuustopann_KR11_20?w=400&h=225&fit=crop&q=60&fm=jpg
Cheddar-sipulipiirakka,yli 60 min,https://public.keskofiles.com/f/recipe/Cheddar_sipulip_KR11_20?w=400&h=225&fit=crop&q=60&fm=jpg
Mikrofudge,yli 60 min,https://public.keskofiles.com/f/recipe/Mikrofudge_KR11_20?w=400&h=225&fit=crop&q=60&fm=jpg
Piparipopcornit,alle 15 min,https://public.keskofiles.com/f/recipe/Piparipopcornit_KR11_20?w=400&h=225&fit=crop&q=60&fm=jpg
Joululatte,alle 30 min,https://public.keskofiles.com/f/recipe/Joululatte_KR11_20?w=400&h=225&fit=crop&q=60&fm=jpg
Salviasilakat,yli 60 min,https://public.keskofiles.com/f/recipe/salviasilakat_KR10_20?w=400&h=225&fit=crop&q=60&fm=jpg
Triokuivakakku,yli 60 min,https://public.keskofiles.com/f/recipe/Triokuivakakku_KR11_20?w=400&h=225&fit=crop&q=60&fm=jpg
Affogato,alle 15 min,https://public.keskofiles.com/f/recipe/Affogato_KR11_20?w=400&h=225&fit=crop&q=60&fm=jpg
Rapeat graavikala-saaristolaisleivät,alle 30 min,https://public.keskofiles.com/f/recipe/Rapeat_graavika_KR11_20?w=400&h=225&fit=crop&q=60&fm=jpg
Paahdetut puikulat ja silli,alle 30 min,https://public.keskofiles.com/f/recipe/Paahdetut_puiku_KR11_20?w=400&h=225&fit=crop&q=60&fm=jpg
Hummussipsit,alle 15 min,https://public.keskofiles.com/f/recipe/Hummussipsit_KR11_20?w=400&h=225&fit=crop&q=60&fm=jpg
Camembert-sämpyläkuusi,yli 60 min,https://public.keskofiles.com/f/recipe/Camembert_sampy_KR11_20?w=400&h=225&fit=crop&q=60&fm=jpg
Ricottakakku,yli 60 min,https://public.keskofiles.com/f/recipe/Ricottakakku_KR11_20?w=400&h=225&fit=crop&q=60&fm=jpg
Vaalea glögisangria,alle 15 min,https://public.keskofiles.com/f/recipe/vaaleaglogisangria?w=400&h=225&fit=crop&q=60&fm=jpg
Chorizo-katkarapuvartaat,alle 30 min,https://public.keskofiles.com/f/recipe/Chorizo_katkara_KR11_20?w=400&h=225&fit=crop&q=60&fm=jpg
Appelsiiniset oliivit,alle 15 min,https://public.keskofiles.com/f/recipe/Appelsiiniset_o_KR11_20?w=400&h=225&fit=crop&q=60&fm=jpg
Mätitahnalla täytetyt kananmunat,alle 30 min,https://public.keskofiles.com/f/recipe/Matitahnalla_ta_KR11_20?w=400&h=225&fit=crop&q=60&fm=jpg
Parmesaanilastut,alle 30 min,https://public.keskofiles.com/f/recipe/Parmesaanilastu_KR11_20?w=400&h=225&fit=crop&q=60&fm=jpg
Tyrniglögi,alle 15 min,https://public.keskofiles.com/f/recipe/tyrniglogi_KR11_20?w=400&h=225&fit=crop&q=60&fm=jpg
Sinihomejuustouunijuurekset,30 - 60 min,https://public.keskofiles.com/f/recipe/Sinihomejuustou_KR11_20?w=400&h=225&fit=crop&q=60&fm=jpg
Persimon-mozzarellasalaatti,alle 15 min,https://public.keskofiles.com/f/recipe/Persimonmozzare_KR11_20?w=400&h=225&fit=crop&q=60&fm=jpg
Paahdettu siikafilee,yli 60 min,https://public.keskofiles.com/f/recipe/paahdettusiikafilee?w=400&h=225&fit=crop&q=60&fm=jpg
Siikatartar,yli 60 min,https://public.keskofiles.com/f/recipe/siikatartar_2020?w=400&h=225&fit=crop&q=60&fm=jpg
Vegaaninen oreo-juustokakku,yli 60 min,https://public.keskofiles.com/f/recipe/oreo_juustokak_KR10_20?w=400&h=225&fit=crop&q=60&fm=jpg
Kylmäsavulohipastrami,alle 15 min,https://public.keskofiles.com/f/recipe/kylmasavulohipa_KR10_20?w=400&h=225&fit=crop&q=60&fm=jpg
Helppo punajuuripiirakka,30 - 60 min,https://public.keskofiles.com/f/recipe/helppo_punajuu_KR10_20?w=400&h=225&fit=crop&q=60&fm=jpg
Aperol Spritz -juustokakku,yli 60 min,https://public.keskofiles.com/f/recipe/aperol_spritz_juu_KR9_20?w=400&h=225&fit=crop&q=60&fm=jpg
Gluteeniton saaristolaisleipä,yli 60 min,https://public.keskofiles.com/f/recipe/gluteeniton_saa_KR10_20?w=400&h=225&fit=crop&q=60&fm=jpg
Tartarpihvi,alle 30 min,https://public.keskofiles.com/f/recipe/tartarpihvi_KR10_20?w=400&h=225&fit=crop&q=60&fm=jpg
Pikkujoulutarjotin,30 - 60 min,https://public.keskofiles.com/f/recipe/Pikkujoulutarjotin_22?w=400&h=225&fit=crop&q=60&fm=jpg
Lohipaisti,30 - 60 min,https://public.keskofiles.com/f/recipe/Lohipaisti_22?w=400&h=225&fit=crop&q=60&fm=jpg
Persimon-kanapata,30 - 60 min,https://public.keskofiles.com/f/recipe/Persimon_kanapa_KR12_22?w=400&h=225&fit=crop&q=60&fm=jpg
Täytekakku,yli 60 min,https://public.keskofiles.com/f/recipe/Taytekakku_KR1_23?w=400&h=225&fit=crop&q=60&fm=jpg
Kantarellipizza,yli 60 min,https://public.keskofiles.com/f/recipe/kantarellipizza_KR12_22?w=400&h=225&fit=crop&q=60&fm=jpg
Baked oats eli kaurapaistos,alle 30 min,https://public.keskofiles.com/f/recipe/Kaakao-kaurapaistos_2022?w=400&h=225&fit=crop&q=60&fm=jpg
Gluteenittomat sämpylät,yli 60 min,https://public.keskofiles.com/f/recipe/gluteenittomat_KR12_22?w=400&h=225&fit=crop&q=60&fm=jpg
Mummon omenapiirakka,30 - 60 min,https://public.keskofiles.com/f/recipe/mummon_omenapii_KR12_22?w=400&h=225&fit=crop&q=60&fm=jpg
Tähtileipä,30 - 60 min,https://public.keskofiles.com/f/recipe/Tähtileipä_2022?w=400&h=225&fit=crop&q=60&fm=jpg
Vegepaisti,yli 60 min,https://public.keskofiles.com/f/recipe/vegepaisti_KR12_22?w=400&h=225&fit=crop&q=60&fm=jpg
Kana-riisipannu,30 - 60 min,https://public.keskofiles.com/f/recipe/kana_riisipannu_KR12_22?w=400&h=225&fit=crop&q=60&fm=jpg
Falafelpelti,30 - 60 min,https://public.keskofiles.com/f/recipe/falafelpelti_KR12_22?w=400&h=225&fit=crop&q=60&fm=jpg
Tonnikalaspagetti,alle 30 min,https://public.keskofiles.com/f/recipe/tonnikalaspaget_KR12_22?w=400&h=225&fit=crop&q=60&fm=jpg
Omenagalette,30 - 60 min,https://public.keskofiles.com/f/recipe/Omenagalette_2022?w=400&h=225&fit=crop&q=60&fm=jpg
Kana-pekonipiirakka,yli 60 min,https://public.keskofiles.com/f/recipe/Kana-pekonipiirakka_2022?w=400&h=225&fit=crop&q=60&fm=jpg
Helppo lihapullakeitto,alle 30 min,https://public.keskofiles.com/f/recipe/helppo_lihapul_KR11_22?w=400&h=225&fit=crop&q=60&fm=jpg
Teeleivät,alle 30 min,https://public.keskofiles.com/f/recipe/teeleivat_KR11_22?w=400&h=225&fit=crop&q=60&fm=jpg
Ranskalaisvuoka,30 - 60 min,https://public.keskofiles.com/f/recipe/ranskalaisvuoka_KR11_22?w=400&h=225&fit=crop&q=60&fm=jpg
Pikkusalaattia ja karamellisoituja pähkinöitä,30 - 60 min,https://public.keskofiles.com/f/recipe/pikkusalaattia_22?w=400&h=225&fit=crop&q=60&fm=jpg
Paahdettu valkosipulitahna,30 - 60 min,https://public.keskofiles.com/f/recipe/valkosipulitahna_22?w=400&h=225&fit=crop&q=60&fm=jpg
Pähkinä-granaattiomenamarinoidut oliivit,alle 30 min,https://public.keskofiles.com/f/recipe/pahkinaoliivi_22?w=400&h=225&fit=crop&q=60&fm=jpg
Kurkkukrokotiili,30 - 60 min,https://public.keskofiles.com/f/recipe/kurkkukrokotiili_KR9_20?w=400&h=225&fit=crop&q=60&fm=jpg
Pekonipiirakka,yli 60 min,https://public.keskofiles.com/f/recipe/pekonipiirakka_PI6_20?w=400&h=225&fit=crop&q=60&fm=jpg
Kinuskijuustokakku,yli 60 min,https://public.keskofiles.com/f/recipe/Kinuskijuustokak_KR3_20?w=400&h=225&fit=crop&q=60&fm=jpg
Kesäkurpitsa-kikhernesalaatti,alle 30 min,https://public.keskofiles.com/f/recipe/kesakurpitstasal_22?w=400&h=225&fit=crop&q=60&fm=jpg
Paahdetut porkkanat ja sitruunahummus,30 - 60 min,https://public.keskofiles.com/f/recipe/paahdhummus_22?w=400&h=225&fit=crop&q=60&fm=jpg
Artisokkasalaatti,alle 30 min,https://public.keskofiles.com/f/recipe/artisokkasalaatti_22?w=400&h=225&fit=crop&q=60&fm=jpg
"Omenaa, graavilohta ja kapriskastiketta",alle 30 min,https://public.keskofiles.com/f/recipe/omenagraavi_22?w=400&h=225&fit=crop&q=60&fm=jpg
Paahdetut perunat,30 - 60 min,https://public.keskofiles.com/f/recipe/paahdetutper_22?w=400&h=225&fit=crop&q=60&fm=jpg
Panzanella,30 - 60 min,https://public.keskofiles.com/f/recipe/panzanella_22?w=400&h=225&fit=crop&q=60&fm=jpg
Kalaburgerit,alle 30 min,https://public.keskofiles.com/f/recipe/kalaburgerit_KR11_22?w=400&h=225&fit=crop&q=60&fm=jpg
Helpot korvapuustirullat,alle 30 min,https://public.keskofiles.com/f/recipe/Helpot_korvapuustirullat_2022?w=400&h=225&fit=crop&q=60&fm=jpg
Tuunatut nuudelit,alle 15 min,https://public.keskofiles.com/f/recipe/Tuunatut_nuudelit_2022?w=400&h=225&fit=crop&q=60&fm=jpg
Hunajainen vegepasta,alle 30 min,https://public.keskofiles.com/f/recipe/hunajainenvegepasta_22?w=400&h=225&fit=crop&q=60&fm=jpg
Korvapuustipelti,yli 60 min,https://public.keskofiles.com/f/recipe/Korvapuustipelt_KR10_22?w=400&h=225&fit=crop&q=60&fm=jpg
Muu-makaronilaatikko,yli 60 min,https://public.keskofiles.com/f/recipe/Meeatmakaronilaatikko22?w=400&h=225&fit=crop&q=60&fm=jpg
Pikkelöintiliemi,yli 60 min,https://public.keskofiles.com/f/recipe/Pikkelointiliemi_KR9_22?w=400&h=225&fit=crop&q=60&fm=jpg
Pestouunikala,alle 30 min,https://public.keskofiles.com/f/recipe/Pestouunikala_KR10_22?w=400&h=225&fit=crop&q=60&fm=jpg
Puolukkakastike,alle 15 min,https://public.keskofiles.com/f/recipe/Suklaafondant_KR10_22?w=400&h=225&fit=crop&q=60&fm=jpg
Mantelikrokantti,alle 30 min,https://public.keskofiles.com/f/recipe/Suklaafondant_KR10_22?w=400&h=225&fit=crop&q=60&fm=jpg
Tortellinipannu,alle 30 min,https://public.keskofiles.com/f/recipe/Tortellinipannu_KR10_22?w=400&h=225&fit=crop&q=60&fm=jpg
Helppo kana-kookoskeitto,alle 30 min,https://public.keskofiles.com/f/recipe/Helppo_kana_koo_KR10_22?w=400&h=225&fit=crop&q=60&fm=jpg
Vegaaninen lasagne,yli 60 min,https://public.keskofiles.com/f/recipe/Vegaaninen_lasa_KR10_22?w=400&h=225&fit=crop&q=60&fm=jpg
Vegewokki,alle 30 min,https://public.keskofiles.com/f/recipe/Vegewokki_KR10_22?w=400&h=225&fit=crop&q=60&fm=jpg
Maapähkinävoicurry,alle 30 min,https://public.keskofiles.com/f/recipe/Maapahkinavoicur_KR9_22?w=400&h=225&fit=crop&q=60&fm=jpg
Paahdetut uuniperunat,yli 60 min,https://public.keskofiles.com/f/recipe/Paahdetut_uunipe_KR9_22?w=400&h=225&fit=crop&q=60&fm=jpg
Italianpata uunissa,alle 30 min,https://public.keskofiles.com/f/recipe/Italianpata_uunis_KR9_22?w=400&h=225&fit=crop&q=60&fm=jpg
Paahdettu parsakaali,alle 30 min,https://public.keskofiles.com/f/recipe/Paahdettu_parsak_KR9_22?w=400&h=225&fit=crop&q=60&fm=jpg
Lihapullakulho,alle 30 min,https://public.keskofiles.com/f/recipe/Lihapullakulho_KR9_22?w=400&h=225&fit=crop&q=60&fm=jpg
Lehtikaali-kylmäsavulohirisotto,30 - 60 min,https://public.keskofiles.com/f/recipe/Lehtikaali_kylma_KR9_22?w=400&h=225&fit=crop&q=60&fm=jpg
Vegemakkarakeitto,alle 30 min,https://public.keskofiles.com/f/recipe/Vegemakkarakeitt_KR9_22?w=400&h=225&fit=crop&q=60&fm=jpg
Pestokanakastike,alle 15 min,https://public.keskofiles.com/f/recipe/Pesto_kanakastike_KR9_22?w=400&h=225&fit=crop&q=60&fm=jpg
Porkkana-fetasalaatti,alle 30 min,https://public.keskofiles.com/f/recipe/Porkkana_fetasal_KR9_22?w=400&h=225&fit=crop&q=60&fm=jpg
Kaali-nuudelipannu,alle 30 min,https://public.keskofiles.com/f/recipe/Kaali_nuudelipan_KR9_22?w=400&h=225&fit=crop&q=60&fm=jpg
Kermainen chorizopasta,alle 30 min,https://public.keskofiles.com/f/recipe/Kermainen_choriz_KR9_22?w=400&h=225&fit=crop&q=60&fm=jpg
Paahdettu kukkakaalipasta,30 - 60 min,https://public.keskofiles.com/f/recipe/Paahdettu_kukkak_KR9_22?w=400&h=225&fit=crop&q=60&fm=jpg
Gluteenittomat minipizzat,yli 60 min,https://public.keskofiles.com/f/recipe/Gluteenittomat_m_KR8_22?w=400&h=225&fit=crop&q=60&fm=jpg
Kanakiusaus,yli 60 min,https://public.keskofiles.com/f/recipe/Kanakiusaus_KR8_22?w=400&h=225&fit=crop&q=60&fm=jpg
Paahdettu paprika-tomaattikeitto,30 - 60 min,https://public.keskofiles.com/f/recipe/Paahdettu_paprik_KR8_22?w=400&h=225&fit=crop&q=60&fm=jpg
Kukkakaali Fried Rice,alle 30 min,https://public.keskofiles.com/f/recipe/Kukkakaali_Fried_KR8_22?w=400&h=225&fit=crop&q=60&fm=jpg
Kana-caesarsalaatti,30 - 60 min,https://public.keskofiles.com/f/recipe/Kana_caesarsalaat_KR8_22?w=400&h=225&fit=crop&q=60&fm=jpg
Juustokakku lasissa,alle 30 min,https://public.keskofiles.com/f/recipe/Juustokakkulasissa_22?w=400&h=225&fit=crop&q=60&fm=jpg
Kurkkurullat,alle 30 min,https://public.keskofiles.com/f/recipe/Kurkkurullat_2022?w=400&h=225&fit=crop&q=60&fm=jpg
Frutti di Markus,yli 60 min,https://public.keskofiles.com/f/recipe/fruttidi_22?w=400&h=225&fit=crop&q=60&fm=jpg
Petranesca,yli 60 min,https://public.keskofiles.com/f/recipe/petranesca_22?w=400&h=225&fit=crop&q=60&fm=jpg
Minnarita,yli 60 min,https://public.keskofiles.com/f/recipe/minnarita_22?w=400&h=225&fit=crop&q=60&fm=jpg
Quattro Jounigioni,yli 60 min,https://public.keskofiles.com/f/recipe/quattrojounigioni_22?w=400&h=225&fit=crop&q=60&fm=jpg
Tomaatti-fetapiirakka,30 - 60 min,https://public.keskofiles.com/f/recipe/Tomaatti_fetapii_KR8_22?w=400&h=225&fit=crop&q=60&fm=jpg
Diavola,yli 60 min,https://public.keskofiles.com/f/recipe/diavola_22?w=400&h=225&fit=crop&q=60&fm=jpg
Äyriäisplatter,yli 60 min,https://public.keskofiles.com/f/recipe/ayriaisplatter_KR8_22?w=400&h=225&fit=crop&q=60&fm=jpg
Halloumipelti,30 - 60 min,https://public.keskofiles.com/f/recipe/Halloumipelti_KR8_22?w=400&h=225&fit=crop&q=60&fm=jpg
Kalapuikkohodarit,alle 15 min,https://public.keskofiles.com/f/recipe/Kalapuikkohodari_KR8_22?w=400&h=225&fit=crop&q=60&fm=jpg
Green Goddess -salaatti,alle 30 min,https://public.keskofiles.com/f/recipe/Green_Goddess_sal_KR8_22?w=400&h=225&fit=crop&q=60&fm=jpg
Helppo salamipizza,30 - 60 min,https://public.keskofiles.com/f/recipe/helpposalami_22?w=400&h=225&fit=crop&q=60&fm=jpg
Capricciosa,yli 60 min,https://public.keskofiles.com/f/recipe/capricciosa_22?w=400&h=225&fit=crop&q=60&fm=jpg
Luonnonkalapizza,yli 60 min,https://public.keskofiles.com/f/recipe/luonnonkalapizza_22?w=400&h=225&fit=crop&q=60&fm=jpg
Karamellitofu,alle 15 min,https://public.keskofiles.com/f/recipe/Karamellitofu_KR8_22?w=400&h=225&fit=crop&q=60&fm=jpg
Sipsikuorrutettu kana,alle 30 min,https://public.keskofiles.com/f/recipe/Sipsikuorrutettu_kana_2022?w=400&h=225&fit=crop&q=60&fm=jpg
Tuunatut jäätelöpuikot,alle 15 min,https://public.keskofiles.com/f/recipe/Tuunatut_jaatelo_KR6_22?w=400&h=225&fit=crop&q=60&fm=jpg
Aasialainen coleslaw,alle 30 min,https://public.keskofiles.com/f/recipe/aasialainen_cole_KR5_22?w=400&h=225&fit=crop&q=60&fm=jpg
"Höyrytettyä turskaa, kampasimpukkaa ja ohraa",yli 60 min,https://public.keskofiles.com/f/recipe/Höyrytettyäturskaa_22?w=400&h=225&fit=crop&q=60&fm=jpg
Hunajapaahdettua viiriäistä ja madeirakastiketta,yli 60 min,https://public.keskofiles.com/f/recipe/Viiriainenmadeira_22?w=400&h=225&fit=crop&q=60&fm=jpg
Haudutettua turskaa ja piparjuuri-valkoviinikastiketta,yli 60 min,https://public.keskofiles.com/f/recipe/Haudutettuturska_22?w=400&h=225&fit=crop&q=60&fm=jpg
Paistettua kuhaa ja rapuperunoita,yli 60 min,https://public.keskofiles.com/f/recipe/Paistettukuha_22?w=400&h=225&fit=crop&q=60&fm=jpg
Kirsikkatomaattia ja tomaattiliemi,yli 60 min,https://public.keskofiles.com/f/recipe/Kirsikkatomaatti_22?w=400&h=225&fit=crop&q=60&fm=jpg
Pizzanpaistajien ohut ja rapea pizzapohja,yli 60 min,https://public.keskofiles.com/f/recipe/rapeapohja_22?w=400&h=225&fit=crop&q=60&fm=jpg
Pizzanpaistajien napolilaistyylinen pizzapohja,yli 60 min,https://public.keskofiles.com/f/recipe/napolipohja_22?w=400&h=225&fit=crop&q=60&fm=jpg
Kinkkupizza,30 - 60 min,https://public.keskofiles.com/f/recipe/pizzapohja_ilma_KR4_22?w=400&h=225&fit=crop&q=60&fm=jpg
Sushi-voileipäkakku,yli 60 min,https://public.keskofiles.com/f/recipe/sushi_voileipak_KR5_22?w=400&h=225&fit=crop&q=60&fm=jpg
Vaahtokarkkitikut,alle 15 min,https://public.keskofiles.com/f/recipe/vaahtokarkkitiku_KR5_22?w=400&h=225&fit=crop&q=60&fm=jpg
Remouladekastike,alle 15 min,https://public.keskofiles.com/f/recipe/Remouladekastike_22?w=400&h=225&fit=crop&q=60&fm=jpg
Jim Lim Wings,alle 30 min,https://public.keskofiles.com/f/recipe/wingsit_ja_aasia_KR5_22?w=400&h=225&fit=crop&q=60&fm=jpg
Hoisin-kana,alle 30 min,https://public.keskofiles.com/f/recipe/hoisin_kana_KR5_22?w=400&h=225&fit=crop&q=60&fm=jpg
Kikhernesalaatti,alle 30 min,https://public.keskofiles.com/f/recipe/kikhernesalaatti_KR5_22?w=400&h=225&fit=crop&q=60&fm=jpg
Suolainen piirakka pellillä,yli 60 min,https://public.keskofiles.com/f/recipe/suolainen_piira_KR5_22?w=400&h=225&fit=crop&q=60&fm=jpg
BLT-leipä,alle 15 min,https://public.keskofiles.com/f/recipe/blt_leipa_KR5_22?w=400&h=225&fit=crop&q=60&fm=jpg
Sitruunapalat,yli 60 min,https://public.keskofiles.com/f/recipe/sitruunapalat_KR5_22?w=400&h=225&fit=crop&q=60&fm=jpg
Kedgeree,30 - 60 min,https://public.keskofiles.com/f/recipe/kedgeree_KR5_22?w=400&h=225&fit=crop&q=60&fm=jpg
Kesäkurpitsatsatsiki,alle 15 min,https://public.keskofiles.com/f/recipe/kesakurpitsatsatsiki_22?w=400&h=225&fit=crop&q=60&fm=jpg
Kasvispyörykät harissa-tomaattikastikkeessa,alle 15 min,https://public.keskofiles.com/f/recipe/kasvispyorykat_h_KR5_22?w=400&h=225&fit=crop&q=60&fm=jpg
Kesäkurpitsa-halloumipihvit,30 - 60 min,https://public.keskofiles.com/f/recipe/kesakurpitsa-ha_KR5_22?w=400&h=225&fit=crop&q=60&fm=jpg
Vegaaninen uunibolognese,30 - 60 min,https://public.keskofiles.com/f/recipe/vegaaninen_uunib_KR4_22?w=400&h=225&fit=crop&q=60&fm=jpg
Pestokanapelti,30 - 60 min,https://public.keskofiles.com/f/recipe/pestokanapelti_KR4_22?w=400&h=225&fit=crop&q=60&fm=jpg
Munakasleivät,alle 15 min,https://public.keskofiles.com/f/recipe/munakasleivat_KR4_22?w=400&h=225&fit=crop&q=60&fm=jpg
Litistetyt parmesaaniperunat,alle 30 min,https://public.keskofiles.com/f/recipe/litistetyt_parme_KR4_22?w=400&h=225&fit=crop&q=60&fm=jpg
Savulohi-riisikulho,alle 15 min,https://public.keskofiles.com/f/recipe/savulohi-riisik_KR4_22?w=400&h=225&fit=crop&q=60&fm=jpg
Pizzapohja ilman hiivaa,30 - 60 min,https://public.keskofiles.com/f/recipe/Pizzapohjailmanhiivaa?w=400&h=225&fit=crop&q=60&fm=jpg
Chorizo-kikhernepata,alle 30 min,https://public.keskofiles.com/f/recipe/chorizo_kikhern_KR4_22?w=400&h=225&fit=crop&q=60&fm=jpg
Perunankuorisipsit,alle 30 min,https://public.keskofiles.com/f/recipe/perunankuorisipsit_KR1_22?w=400&h=225&fit=crop&q=60&fm=jpg
Varsiparsakaalisalaatti,alle 30 min,https://public.keskofiles.com/f/recipe/varsiparsakaalis_KR3_22?w=400&h=225&fit=crop&q=60&fm=jpg
Pikkelöidyt chilit,alle 30 min,https://public.keskofiles.com/f/recipe/Pikkeloitychili_22?w=400&h=225&fit=crop&q=60&fm=jpg
Siskonmakkara-ramen,alle 30 min,https://public.keskofiles.com/f/recipe/siskonmakkara_ra_KR3_22?w=400&h=225&fit=crop&q=60&fm=jpg
Butter tofu,30 - 60 min,https://public.keskofiles.com/f/recipe/butter_tofu_KR3_22?w=400&h=225&fit=crop&q=60&fm=jpg
Rapeat caesar-wrapit,alle 15 min,https://public.keskofiles.com/f/recipe/rapeat_caesar_wr_KR3_22?w=400&h=225&fit=crop&q=60&fm=jpg
Macaronit,yli 60 min,https://public.keskofiles.com/f/recipe/macaronit_KR3_22?w=400&h=225&fit=crop&q=60&fm=jpg
Possupannu,30 - 60 min,https://public.keskofiles.com/f/recipe/possupannu_KR3_22?w=400&h=225&fit=crop&q=60&fm=jpg
Chilikalakulho,alle 30 min,https://public.keskofiles.com/f/recipe/chilikalakulho_KR3_22?w=400&h=225&fit=crop&q=60&fm=jpg
Yrttikeitto,alle 30 min,https://public.keskofiles.com/f/recipe/yrttikeitto_KR3_22?w=400&h=225&fit=crop&q=60&fm=jpg
Helppo kanapata,30 - 60 min,https://public.keskofiles.com/f/recipe/helppo_kanapata_KR3_22?w=400&h=225&fit=crop&q=60&fm=jpg
5 x voileipä,alle 15 min,https://public.keskofiles.com/f/recipe/ruokaisat_voilei_KR3_22?w=400&h=225&fit=crop&q=60&fm=jpg
Pesto-makaronilaatikko,30 - 60 min,https://public.keskofiles.com/f/recipe/pesto_makaronila_KR3_22?w=400&h=225&fit=crop&q=60&fm=jpg
Marokkolaiset lihapullat,alle 30 min,https://public.keskofiles.com/f/recipe/Marokkolaiset_kar_KR1_22?w=400&h=225&fit=crop&q=60&fm=jpg
Juurespiirakka,yli 60 min,https://public.keskofiles.com/f/recipe/Juurespiirakka_KR1_22?w=400&h=225&fit=crop&q=60&fm=jpg
Gnocchipannu,alle 30 min,https://public.keskofiles.com/f/recipe/Gnocchipannu_KR1_22?w=400&h=225&fit=crop&q=60&fm=jpg
Vegaaninen tuorepuuro,30 - 60 min,https://public.keskofiles.com/f/recipe/vegaaninen_tuore_KR3_22?w=400&h=225&fit=crop&q=60&fm=jpg
Timjamivoissa paistettu kirjolohi ja paahdetut juurekset,30 - 60 min,https://public.keskofiles.com/f/recipe/timjamivoissa_pais_KR21?w=400&h=225&fit=crop&q=60&fm=jpg
Munakasmuffinit,alle 30 min,https://public.keskofiles.com/f/recipe/Munakasmuffinit_KR1_22?w=400&h=225&fit=crop&q=60&fm=jpg
Kiivisorbetti,yli 60 min,https://public.keskofiles.com/f/recipe/Kiivisorbetti_KR1_22?w=400&h=225&fit=crop&q=60&fm=jpg
Gai Yang kana ja Gado Gado -salaatti,30 - 60 min,https://public.keskofiles.com/f/recipe/grillattu_kana_KR11_21?w=400&h=225&fit=crop&q=60&fm=jpg
Linssicurry,30 - 60 min,https://public.keskofiles.com/f/recipe/Linssicurry_KR1_22?w=400&h=225&fit=crop&q=60&fm=jpg
Aamupuuro,alle 15 min,https://public.keskofiles.com/f/recipe/Aamupuuro_KR1_22?w=400&h=225&fit=crop&q=60&fm=jpg
Jogurttikulho,alle 15 min,https://public.keskofiles.com/f/recipe/Jogurttikulho_KR1_22?w=400&h=225&fit=crop&q=60&fm=jpg
Bento Box,yli 60 min,https://public.keskofiles.com/f/recipe/Aikuisten_Bento_B_KR1_22?w=400&h=225&fit=crop&q=60&fm=jpg
Hernekeiton tuunaus,30 - 60 min,https://public.keskofiles.com/f/recipe/Hernekeiton_tuun_KR1_22?w=400&h=225&fit=crop&q=60&fm=jpg
Uuniperunat ja katkaraputäyte,yli 60 min,https://public.keskofiles.com/f/recipe/Uuniperunat_ja_k_KR1_22?w=400&h=225&fit=crop&q=60&fm=jpg
Pizzapallot,alle 30 min,https://public.keskofiles.com/f/recipe/Pizzapallot_22?w=400&h=225&fit=crop&q=60&fm=jpg
Helppo kana-riisivuoka,yli 60 min,https://public.keskofiles.com/f/recipe/Helppo_kana_rii_KR1_22?w=400&h=225&fit=crop&q=60&fm=jpg
Jauheliha-pastavuoka,30 - 60 min,https://public.keskofiles.com/f/recipe/Jauheliha_pastav_KR1_22?w=400&h=225&fit=crop&q=60&fm=jpg
Mandariinitoast,alle 15 min,https://public.keskofiles.com/f/recipe/Mandariinitoast_KR1_22?w=400&h=225&fit=crop&q=60&fm=jpg
Kalapuikkokulho,30 - 60 min,https://public.keskofiles.com/f/recipe/Kalapuikkokulho_KR1_22?w=400&h=225&fit=crop&q=60&fm=jpg
Aleksanterinleivokset,yli 60 min,https://public.keskofiles.com/f/recipe/Aleksanterinleiv_KR1_22?w=400&h=225&fit=crop&q=60&fm=jpg
Siiderisimpukat,30 - 60 min,https://public.keskofiles.com/f/recipe/Siiderisimpukat_KR1_22?w=400&h=225&fit=crop&q=60&fm=jpg
Aamukahvismoothie,alle 15 min,https://public.keskofiles.com/f/recipe/Aamukahvismoothi_KR1_22?w=400&h=225&fit=crop&q=60&fm=jpg
Appelsiiniuunilohi,30 - 60 min,https://public.keskofiles.com/f/recipe/Appelsiiniuunil_KR1_22?w=400&h=225&fit=crop&q=60&fm=jpg
Roomalainen peltipizza,yli 60 min,https://public.keskofiles.com/f/recipe/Peltipizza_KR1_22?w=400&h=225&fit=crop&q=60&fm=jpg
Chilinuudelit,alle 15 min,https://public.keskofiles.com/f/recipe/Chilinuudelit_KR1_22?w=400&h=225&fit=crop&q=60&fm=jpg
Vaahterasiirappi-pekaanipähkinäpullat,yli 60 min,https://public.keskofiles.com/f/recipe/Vaahterasiirap_KR12_21?w=400&h=225&fit=crop&q=60&fm=jpg
Punajuuripihvit,30 - 60 min,https://public.keskofiles.com/f/recipe/Punajuuripihvit_KR12_21?w=400&h=225&fit=crop&q=60&fm=jpg
Appelsiini-sipulisalaatti,alle 15 min,https://public.keskofiles.com/f/recipe/Appelsiini_sipu_KR12_21?w=400&h=225&fit=crop&q=60&fm=jpg
Kylmäsavuporotahna,alle 30 min,https://public.keskofiles.com/f/recipe/Kylmasavuporota_KR12_21?w=400&h=225&fit=crop&q=60&fm=jpg
Punainen thai curry ja kurkku-inkiväärirelissi,30 - 60 min,https://public.keskofiles.com/f/recipe/thaicurry_21?w=400&h=225&fit=crop&q=60&fm=jpg
Omenainen lihapata,yli 60 min,https://public.keskofiles.com/f/recipe/omenainen_lihap_KR9_21?w=400&h=225&fit=crop&q=60&fm=jpg
Vegejauhis-linssikeitto,alle 30 min,https://public.keskofiles.com/f/recipe/Vegejauhis_lins_KR12_21?w=400&h=225&fit=crop&q=60&fm=jpg
Silakkarullat,30 - 60 min,https://public.keskofiles.com/f/recipe/silakkarullat_KR9_21?w=400&h=225&fit=crop&q=60&fm=jpg
After Eight -kakku,yli 60 min,https://public.keskofiles.com/f/recipe/after_eight_juu_KR9_21?w=400&h=225&fit=crop&q=60&fm=jpg
Tattipasta,alle 30 min,https://public.keskofiles.com/f/recipe/tattipasta_KR9_21?w=400&h=225&fit=crop&q=60&fm=jpg
Kirjolohi uunissa,30 - 60 min,https://public.keskofiles.com/f/recipe/Uunikirjolohi_KR11_21?w=400&h=225&fit=crop&q=60&fm=jpg
Maapähkinä-kanasalaatti,alle 30 min,https://public.keskofiles.com/f/recipe/Maapahkina_kanas_KR12_21?w=400&h=225&fit=crop&q=60&fm=jpg
Kylmäsavulohikiusaus,yli 60 min,https://public.keskofiles.com/f/recipe/Kylmasavulohiki_KR12_21?w=400&h=225&fit=crop&q=60&fm=jpg
Nyhtökaurakäristys,30 - 60 min,https://public.keskofiles.com/f/recipe/Nyhtokaurakaris_KR12_21?w=400&h=225&fit=crop&q=60&fm=jpg
Paistetut silakat,alle 30 min,https://public.keskofiles.com/f/recipe/Paistetut_sil_KR10_21?w=400&h=225&fit=crop&q=60&fm=jpg
Kana-pestopasta,alle 30 min,https://public.keskofiles.com/f/recipe/Kana_pestopast_KR11_21?w=400&h=225&fit=crop&q=60&fm=jpg
Kaneliomenat,alle 30 min,https://public.keskofiles.com/f/recipe/Kaneliomenat_KR11_21?w=400&h=225&fit=crop&q=60&fm=jpg
Pasta Alfredo,alle 30 min,https://public.keskofiles.com/f/recipe/Pasta_Alfredo_KR11_21?w=400&h=225&fit=crop&q=60&fm=jpg
Paahdetut bataatit,alle 30 min,https://public.keskofiles.com/f/recipe/Paahdetut_bata_KR11_21?w=400&h=225&fit=crop&q=60&fm=jpg
Cappuccino,alle 15 min,https://public.keskofiles.com/f/recipe/Cappuccino_KR11_21?w=400&h=225&fit=crop&q=60&fm=jpg
Gluteenittomat korvapuustit,yli 60 min,https://public.keskofiles.com/f/recipe/Gluteenittomat_k_KR9_21?w=400&h=225&fit=crop&q=60&fm=jpg
Poropiirakka pellillinen,yli 60 min,https://public.keskofiles.com/f/recipe/Poropiirakka_pe_KR11_21?w=400&h=225&fit=crop&q=60&fm=jpg
Luonnonkalapasta,alle 30 min,https://public.keskofiles.com/f/recipe/Luonnonkalapas_KR11_21?w=400&h=225&fit=crop&q=60&fm=jpg
Helppo juustokakku,yli 60 min,https://public.keskofiles.com/f/recipe/Helppo_juustoka_KR12_21?w=400&h=225&fit=crop&q=60&fm=jpg
Paistettu maksa,alle 30 min,https://public.keskofiles.com/f/recipe/Paistettu_maksa_KR10_21?w=400&h=225&fit=crop&q=60&fm=jpg
Pekoni mac and cheese,30 - 60 min,https://public.keskofiles.com/f/recipe/pekoni_mac_and_KR11_21?w=400&h=225&fit=crop&q=60&fm=jpg
"Päärynäpiirakka, pellillinen",30 - 60 min,https://public.keskofiles.com/f/recipe/Paarynapiirakka_KR10_21?w=400&h=225&fit=crop&q=60&fm=jpg
Persimon-kanasalaatti,alle 30 min,https://public.keskofiles.com/f/recipe/Persimon_kanasa_KR11_21?w=400&h=225&fit=crop&q=60&fm=jpg
Savutofutahna,alle 30 min,https://public.keskofiles.com/f/recipe/Paahdetut_bat_KR11_21?w=400&h=225&fit=crop&q=60&fm=jpg
Parmankinkku-parsaleivät,alle 15 min,https://public.keskofiles.com/f/recipe/Parmankinkku_pa_KR11_21?w=400&h=225&fit=crop&q=60&fm=jpg
Punajuurihummusbowl,yli 60 min,https://public.keskofiles.com/f/recipe/Punajuurihummusb_KR10_21?w=400&h=225&fit=crop&q=60&fm=jpg
Dumplingit ja paahdetut ruusukaalit,alle 15 min,https://public.keskofiles.com/f/recipe/Dumplingit_ja_p_KR10_21?w=400&h=225&fit=crop&q=60&fm=jpg
Katkarapunuudelit,alle 15 min,https://public.keskofiles.com/f/recipe/Katkarapunuudeli_KR10_21?w=400&h=225&fit=crop&q=60&fm=jpg
Kana-sienipasta,alle 30 min,https://public.keskofiles.com/f/recipe/Kana_sienipasta_KR10_21?w=400&h=225&fit=crop&q=60&fm=jpg
Vegaaninen paistettu juustokakku,yli 60 min,https://public.keskofiles.com/f/recipe/Vegaaninen_pais_KR10_21?w=400&h=225&fit=crop&q=60&fm=jpg
Palsternakat ja ruskistettu yrttivoi,alle 30 min,https://public.keskofiles.com/f/recipe/Palsternakat_ja_KR10_21?w=400&h=225&fit=crop&q=60&fm=jpg
Aamiaiskulho,alle 15 min,https://public.keskofiles.com/f/recipe/Aamiaiskulho_KR10_21?w=400&h=225&fit=crop&q=60&fm=jpg
Vegaaninen kanapasta,alle 30 min,https://public.keskofiles.com/f/recipe/Vegaaninen_kana_KR10_21?w=400&h=225&fit=crop&q=60&fm=jpg
Hunajanauriit,30 - 60 min,https://public.keskofiles.com/f/recipe/Hunajanauriit_KR10_21?w=400&h=225&fit=crop&q=60&fm=jpg
Mehevä liha-makaronilaatikko,yli 60 min,https://public.keskofiles.com/f/recipe/Meheva_liha_mak_KR10_21?w=400&h=225&fit=crop&q=60&fm=jpg
Naudan paahtopaisti ja kastike,yli 60 min,https://public.keskofiles.com/f/recipe/Naudan_paahtopa_KR10_21?w=400&h=225&fit=crop&q=60&fm=jpg
Helppo butter chicken,alle 30 min,https://public.keskofiles.com/f/recipe/Helppo_butter_c_KR10_21?w=400&h=225&fit=crop&q=60&fm=jpg
Pilahviriisi,alle 30 min,https://public.keskofiles.com/f/recipe/Pilahviriisi_21?w=400&h=225&fit=crop&q=60&fm=jpg
Varsiparsakaali-kikhernelimonello,alle 30 min,https://public.keskofiles.com/f/recipe/Varsiparsakaali_KR11_21?w=400&h=225&fit=crop&q=60&fm=jpg
Purkkisalaatti,30 - 60 min,https://public.keskofiles.com/f/recipe/Purkkisalaatti_KR10_21?w=400&h=225&fit=crop&q=60&fm=jpg
Uunimakkara,alle 30 min,https://public.keskofiles.com/f/recipe/Uunimakkara_KR10_21?w=400&h=225&fit=crop&q=60&fm=jpg
Gochujang-kurkut,alle 15 min,https://public.keskofiles.com/f/recipe/Gochujang_kurku_KR10_21?w=400&h=225&fit=crop&q=60&fm=jpg
Valkosipulikanaa couscous-salaatilla,alle 30 min,https://public.keskofiles.com/f/recipe/valkosipulikana_21?w=400&h=225&fit=crop&q=60&fm=jpg
Lime-korianterikanaa ja mangosalsaa,alle 30 min,https://public.keskofiles.com/f/recipe/korianterikana_21?w=400&h=225&fit=crop&q=60&fm=jpg
Karamellikana,alle 30 min,https://public.keskofiles.com/f/recipe/karamellikana_21?w=400&h=225&fit=crop&q=60&fm=jpg
Gluteeniton pataleipä,yli 60 min,https://public.keskofiles.com/f/recipe/glut_pataleipa21?w=400&h=225&fit=crop&q=60&fm=jpg
Meksikolaiset kanatacot,yli 60 min,https://public.keskofiles.com/f/recipe/Meksikolaiset_ka_KR9_21?w=400&h=225&fit=crop&q=60&fm=jpg
Coca-Cola -palat,30 - 60 min,https://public.keskofiles.com/f/recipe/coca-cola_palat_21?w=400&h=225&fit=crop&q=60&fm=jpg
Mausteliemi pakasteravuille,yli 60 min,https://public.keskofiles.com/f/recipe/Mausteliemi_pak_KR8_21?w=400&h=225&fit=crop&q=60&fm=jpg
Naanleipä,yli 60 min,https://public.keskofiles.com/f/recipe/Naanleipa_KR9_21?w=400&h=225&fit=crop&q=60&fm=jpg
Tomaattinen lihapata,yli 60 min,https://public.keskofiles.com/f/recipe/Tomaattinen_liha_KR9_21?w=400&h=225&fit=crop&q=60&fm=jpg
Paahdetut porkkanat,30 - 60 min,https://public.keskofiles.com/f/recipe/Paahdetut_porkka_KR9_21?w=400&h=225&fit=crop&q=60&fm=jpg
Kermaviilikastike kalalle,alle 15 min,https://public.keskofiles.com/f/recipe/kermaviilikastikekala?w=400&h=225&fit=crop&q=60&fm=jpg
Sitruunainen lohikeitto,alle 30 min,https://public.keskofiles.com/f/recipe/Sitruunainen_loh_KR1_22?w=400&h=225&fit=crop&q=60&fm=jpg
Rou jia mo eli kiinalaiset hampurilaiset,yli 60 min,https://public.keskofiles.com/f/recipe/Rou_jia_mo_eli_k_KR9_21?w=400&h=225&fit=crop&q=60&fm=jpg
Lehtikaalicaesar,alle 30 min,https://public.keskofiles.com/f/recipe/Lehtikaalicaesar_KR9_21?w=400&h=225&fit=crop&q=60&fm=jpg
Beanit-nuudelit,alle 30 min,https://public.keskofiles.com/f/recipe/Beanit_nuudelit_KR9_21?w=400&h=225&fit=crop&q=60&fm=jpg
Omenamuffinssit,30 - 60 min,https://public.keskofiles.com/f/recipe/Omenamuffinssit_KR9_21?w=400&h=225&fit=crop&q=60&fm=jpg
Savojinkaalikääryleet,yli 60 min,https://public.keskofiles.com/f/recipe/Savojinkaalikaar_KR9_21?w=400&h=225&fit=crop&q=60&fm=jpg
Tarte tatin,yli 60 min,https://public.keskofiles.com/f/recipe/Tarte_tatin_KR9_21?w=400&h=225&fit=crop&q=60&fm=jpg
Paahdettu juures-fetasalaatti,30 - 60 min,https://public.keskofiles.com/f/recipe/Paahdettu_juures_KR9_21?w=400&h=225&fit=crop&q=60&fm=jpg
Tomaattinen pasta,alle 30 min,https://public.keskofiles.com/f/recipe/Tomaattinen_past_KR9_21?w=400&h=225&fit=crop&q=60&fm=jpg
Perunarieskat,alle 30 min,https://public.keskofiles.com/f/recipe/Perunarieskat_KR9_21?w=400&h=225&fit=crop&q=60&fm=jpg
Punajuuripasta,yli 60 min,https://public.keskofiles.com/f/recipe/Punajuuripasta_KR9_21?w=400&h=225&fit=crop&q=60&fm=jpg
Vihreä kalapata,alle 30 min,https://public.keskofiles.com/f/recipe/Vihrea_kalapata_KR9_21?w=400&h=225&fit=crop&q=60&fm=jpg
Omena-chorizopasta,alle 30 min,https://public.keskofiles.com/f/recipe/Omena_chorizopas_KR9_21?w=400&h=225&fit=crop&q=60&fm=jpg
Sienikeitto,alle 30 min,https://public.keskofiles.com/f/recipe/Sienikeitto_KR9_21?w=400&h=225&fit=crop&q=60&fm=jpg
Kala-perunalaatikko,yli 60 min,https://public.keskofiles.com/f/recipe/Peruna_kalalaati_KR9_21?w=400&h=225&fit=crop&q=60&fm=jpg
Kokonainen uunilohi,yli 60 min,https://public.keskofiles.com/f/recipe/Kokonainen_uunil_KR9_21?w=400&h=225&fit=crop&q=60&fm=jpg
Gluteeniton lehtikaalipizza,30 - 60 min,https://public.keskofiles.com/f/recipe/Gluteeniton_valk_KR9_21?w=400&h=225&fit=crop&q=60&fm=jpg
Kebablautanen,alle 30 min,https://public.keskofiles.com/f/recipe/Kebablautanen_KR9_21?w=400&h=225&fit=crop&q=60&fm=jpg
Sushisalaatti,yli 60 min,https://public.keskofiles.com/f/recipe/Sushisalaatti_KR9_21?w=400&h=225&fit=crop&q=60&fm=jpg
Omenanachot,alle 15 min,https://public.keskofiles.com/f/recipe/Omenanachot_KR9_21?w=400&h=225&fit=crop&q=60&fm=jpg
Valkosipulipasta,yli 60 min,https://public.keskofiles.com/f/recipe/Valkosipulipasta_KR9_21?w=400&h=225&fit=crop&q=60&fm=jpg
Hävikkimunakas,alle 15 min,https://public.keskofiles.com/f/recipe/Havikkimunakas_KR9_21?w=400&h=225&fit=crop&q=60&fm=jpg
Frozen yogurt -palat,yli 60 min,https://public.keskofiles.com/f/recipe/frozen_yogurt_KR8_21?w=400&h=225&fit=crop&q=60&fm=jpg
Jauheliha-tortillapizza,alle 30 min,https://public.keskofiles.com/f/recipe/jauheliha_tortil_KR8_21?w=400&h=225&fit=crop&q=60&fm=jpg
Sitruuna-lehtikaalipasta,alle 30 min,https://public.keskofiles.com/f/recipe/sitruuna_lehtika_KR8_21?w=400&h=225&fit=crop&q=60&fm=jpg
"Marjapiirakka, pellillinen",30 - 60 min,https://public.keskofiles.com/f/recipe/marjapiirakka_21?w=400&h=225&fit=crop&q=60&fm=jpg
Vadelmakiisseli,alle 15 min,https://public.keskofiles.com/f/recipe/Vadelmakiisseli_KR8_21?w=400&h=225&fit=crop&q=60&fm=jpg
Savustettu sampi,yli 60 min,https://public.keskofiles.com/f/recipe/savustettu_sampi_KR21?w=400&h=225&fit=crop&q=60&fm=jpg
Uunihauki,30 - 60 min,https://public.keskofiles.com/f/recipe/uunihauki_KR21?w=400&h=225&fit=crop&q=60&fm=jpg
Naudan ulkofilee,alle 15 min,https://public.keskofiles.com/f/recipe/naudan_ulkofilee_KR21?w=400&h=225&fit=crop&q=60&fm=jpg
Lohimedaljongit,alle 15 min,https://public.keskofiles.com/f/recipe/lohimedaljongit_KR21?w=400&h=225&fit=crop&q=60&fm=jpg
Kaali-makkarakeitto,alle 30 min,https://public.keskofiles.com/f/recipe/kaalimakkarakeit_KR8_21?w=400&h=225&fit=crop&q=60&fm=jpg
Nuudelikeitto,30 - 60 min,https://public.keskofiles.com/f/recipe/Nuudelikeitto_KR8_21?w=400&h=225&fit=crop&q=60&fm=jpg
Katkarapukulho,alle 30 min,https://public.keskofiles.com/f/recipe/katkarapukulho_KR8_21?w=400&h=225&fit=crop&q=60&fm=jpg
Caponata-makkarat,30 - 60 min,https://public.keskofiles.com/f/recipe/Caponata_makkara_KR8_21?w=400&h=225&fit=crop&q=60&fm=jpg
Rahkavohvelit,30 - 60 min,https://public.keskofiles.com/f/recipe/rahkavohvelit21?w=400&h=225&fit=crop&q=60&fm=jpg
Pinaattilettupelti,alle 15 min,https://public.keskofiles.com/f/recipe/Pinaattilettupel_KR8_21?w=400&h=225&fit=crop&q=60&fm=jpg
Parsakaalipestopasta,alle 30 min,https://public.keskofiles.com/f/recipe/parsakaalipestop_KR8_21?w=400&h=225&fit=crop&q=60&fm=jpg
Vegemakkarapelti,yli 60 min,https://public.keskofiles.com/f/recipe/vege_makkarapelt_KR8_21?w=400&h=225&fit=crop&q=60&fm=jpg
Kukkakaalitacot,30 - 60 min,https://public.keskofiles.com/f/recipe/Kukkakaalitacot_KR8?w=400&h=225&fit=crop&q=60&fm=jpg
Helppo shepherd's pie,30 - 60 min,https://public.keskofiles.com/f/recipe/helppo_sheperds_KR8_21?w=400&h=225&fit=crop&q=60&fm=jpg
Pakastepizzan tuunaus,alle 30 min,https://public.keskofiles.com/f/recipe/Pakastepizzan_tu_KR8_21?w=400&h=225&fit=crop&q=60&fm=jpg
Luumupaistos,30 - 60 min,https://public.keskofiles.com/f/recipe/Luumupaistos_KR8_21?w=400&h=225&fit=crop&q=60&fm=jpg
Bataattikeiton tuunaus,alle 15 min,https://public.keskofiles.com/f/recipe/Bataatti-chilike_KR8_21?w=400&h=225&fit=crop&q=60&fm=jpg
Tomaattinen kauratto,30 - 60 min,https://public.keskofiles.com/f/recipe/tomaattinen_kaur_KR8_21?w=400&h=225&fit=crop&q=60&fm=jpg
Kanakebakot ja yrttiperunat,30 - 60 min,https://public.keskofiles.com/f/recipe/kanakebakot_KR8_21?w=400&h=225&fit=crop&q=60&fm=jpg
Maissiribsit,alle 30 min,https://public.keskofiles.com/f/recipe/Maissiribsit_KR8_21?w=400&h=225&fit=crop&q=60&fm=jpg
Helppo papupata,alle 30 min,https://public.keskofiles.com/f/recipe/helppo_papupata_KR8_21?w=400&h=225&fit=crop&q=60&fm=jpg
Mansikkarahka,alle 15 min,https://public.keskofiles.com/f/recipe/mansikkarahka_KR8_21?w=400&h=225&fit=crop&q=60&fm=jpg
Pikkelöidyt kurkut,yli 60 min,https://public.keskofiles.com/f/recipe/Pikkeloidyt_kurk_KR6_21?w=400&h=225&fit=crop&q=60&fm=jpg
Aurinkodippivihannekset,alle 30 min,https://public.keskofiles.com/f/recipe/aurinko_dippivih_KR6_21?w=400&h=225&fit=crop&q=60&fm=jpg
Kanahampurilainen,yli 60 min,https://public.keskofiles.com/f/recipe/kanahampurilaine_KR6_21?w=400&h=225&fit=crop&q=60&fm=jpg
Lähiruokakori,alle 15 min,https://public.keskofiles.com/f/recipe/lahiruokakori_KR6_21?w=400&h=225&fit=crop&q=60&fm=jpg
Vesimelonislush,yli 60 min,https://public.keskofiles.com/f/recipe/vesimelonislush_KR6_21?w=400&h=225&fit=crop&q=60&fm=jpg
Savulohipiirakka,30 - 60 min,https://public.keskofiles.com/f/recipe/Savulohipiirakka_KR6_21?w=400&h=225&fit=crop&q=60&fm=jpg
Lohi ja hernehummus,alle 30 min,https://public.keskofiles.com/f/recipe/lohijahernehummus_2021?w=400&h=225&fit=crop&q=60&fm=jpg
Hiillostettu lohi,yli 60 min,https://public.keskofiles.com/f/recipe/Hiillostettu_loh_KR6_21?w=400&h=225&fit=crop&q=60&fm=jpg
Helppo jäätelökakku,yli 60 min,https://public.keskofiles.com/f/recipe/helppo_jaateloka_KR6_21?w=400&h=225&fit=crop&q=60&fm=jpg
Varsikukkakaali uunissa,alle 30 min,https://public.keskofiles.com/f/recipe/varsikukkakaaliuuni?w=400&h=225&fit=crop&q=60&fm=jpg
Paistettu taimen,30 - 60 min,https://public.keskofiles.com/f/recipe/paistettu_taimen_KR5_21?w=400&h=225&fit=crop&q=60&fm=jpg
Helppo lohivoileipäkakku,yli 60 min,https://public.keskofiles.com/f/recipe/helppo_lohvoilei_KR5_21?w=400&h=225&fit=crop&q=60&fm=jpg
"Porkkanakakku, pellillinen",yli 60 min,https://public.keskofiles.com/f/recipe/porkkanakakku_KR21?w=400&h=225&fit=crop&q=60&fm=jpg
Paahdetut varsikukkakaalit,alle 15 min,https://public.keskofiles.com/f/recipe/varsikukkakaalit_21?w=400&h=225&fit=crop&q=60&fm=jpg
Teriyaki-lohiburgeri,alle 30 min,https://public.keskofiles.com/f/recipe/teriyaki_lohib_KR5_21?w=400&h=225&fit=crop&q=60&fm=jpg
Valkoinen pizza eli pizza bianco,yli 60 min,https://public.keskofiles.com/f/recipe/valkoinenpizza_21?w=400&h=225&fit=crop&q=60&fm=jpg
Napolilainen pizza,yli 60 min,https://public.keskofiles.com/f/recipe/napolilainenpizza_21?w=400&h=225&fit=crop&q=60&fm=jpg
Roomalainen pizza,yli 60 min,https://public.keskofiles.com/f/recipe/roomalainenpizza_21?w=400&h=225&fit=crop&q=60&fm=jpg
Veriappelsiinijogurtti,alle 15 min,https://public.keskofiles.com/f/recipe/veriappelsiinijogurt?w=400&h=225&fit=crop&q=60&fm=jpg
Kalapuikkopelti,alle 30 min,https://public.keskofiles.com/f/recipe/kalapuikkopelti_KR5_21?w=400&h=225&fit=crop&q=60&fm=jpg
Lämpimät leivät vohveliraudalla,alle 30 min,https://public.keskofiles.com/f/recipe/lampimat_leivat_KR5_21?w=400&h=225&fit=crop&q=60&fm=jpg
Kvinoasalaatti paahdetuilla kasviksilla,30 - 60 min,https://public.keskofiles.com/f/recipe/kvinoasalaatti_KR5_21?w=400&h=225&fit=crop&q=60&fm=jpg
Helpot pinaattiletut fetatäytteellä,30 - 60 min,https://public.keskofiles.com/f/recipe/helpot_pinaattil_KR5_21?w=400&h=225&fit=crop&q=60&fm=jpg
Kuhafileet ja sitruuna-voikastike,30 - 60 min,https://public.keskofiles.com/f/recipe/kuhafileet_ja_si_KR4_21?w=400&h=225&fit=crop&q=60&fm=jpg
Vegaaninen täytekakku,yli 60 min,https://public.keskofiles.com/f/recipe/vegaaninen_tayt_KR5_21?w=400&h=225&fit=crop&q=60&fm=jpg
Pizzakastike,alle 30 min,https://public.keskofiles.com/f/recipe/pizzakastike_21?w=400&h=225&fit=crop&q=60&fm=jpg
Kanacurry,alle 30 min,https://public.keskofiles.com/f/recipe/punainen_kan_KR3_21?w=400&h=225&fit=crop&q=60&fm=jpg
Veriappelsiini-lehtikaalisalaatti,alle 30 min,https://public.keskofiles.com/f/recipe/veriappelsiini_leh_2021?w=400&h=225&fit=crop&q=60&fm=jpg
Veriappelsiinikana,30 - 60 min,https://public.keskofiles.com/f/recipe/veriappelsiinikana_2021?w=400&h=225&fit=crop&q=60&fm=jpg
Made uunissa,30 - 60 min,https://public.keskofiles.com/f/recipe/made_uunissa_2021?w=400&h=225&fit=crop&q=60&fm=jpg
Veriappelsiinikakku,yli 60 min,https://public.keskofiles.com/f/recipe/veriappelsiinikak_2021?w=400&h=225&fit=crop&q=60&fm=jpg
Viski & Ginger Ale,alle 5 min,https://public.keskofiles.com/f/recipe/viskigingerale_21?w=400&h=225&fit=crop&q=60&fm=jpg
Vodka & Ginger Beer,alle 5 min,https://public.keskofiles.com/f/recipe/vodkagingerbeer_21?w=400&h=225&fit=crop&q=60&fm=jpg
Aperotivo & Tonic,alle 5 min,https://public.keskofiles.com/f/recipe/aperitivotonic_21?w=400&h=225&fit=crop&q=60&fm=jpg
Cacio e pepe,alle 30 min,https://public.keskofiles.com/f/recipe/cacio_e_pepe_KR5_21?w=400&h=225&fit=crop&q=60&fm=jpg
Taitellut tortillat,alle 30 min,https://public.keskofiles.com/f/recipe/taitellut_tortil_KR5_21?w=400&h=225&fit=crop&q=60&fm=jpg
Salamipizza,yli 60 min,https://public.keskofiles.com/f/recipe/salamipizza_21?w=400&h=225&fit=crop&q=60&fm=jpg
Halloumipasta,30 - 60 min,https://public.keskofiles.com/f/recipe/halloumipasta_KR5_21?w=400&h=225&fit=crop&q=60&fm=jpg
Pannuraviolit,alle 30 min,https://public.keskofiles.com/f/recipe/pannuravioli_KR5_21?w=400&h=225&fit=crop&q=60&fm=jpg
Paprika-kanasalaatti,30 - 60 min,https://public.keskofiles.com/f/recipe/paprika_kanas_KR5_21?w=400&h=225&fit=crop&q=60&fm=jpg
Tomaatti-mozzarellapiirakka,30 - 60 min,https://public.keskofiles.com/f/recipe/tomaatti_mozza_KR5_21?w=400&h=225&fit=crop&q=60&fm=jpg
Hapanjuuri,yli 60 min,https://public.keskofiles.com/f/recipe/hapanjuuri_2021?w=400&h=225&fit=crop&q=60&fm=jpg
Sitruunakastike kalalle,30 - 60 min,https://public.keskofiles.com/f/recipe/sitruunakastike_KR4_21?w=400&h=225&fit=crop&q=60&fm=jpg
Helppo pizza,30 - 60 min,https://public.keskofiles.com/f/recipe/helppopizza_21?w=400&h=225&fit=crop&q=60&fm=jpg
Ruskistettu munavoi,30 - 60 min,https://public.keskofiles.com/f/recipe/ruskistettu_munav_KR4_21?w=400&h=225&fit=crop&q=60&fm=jpg
Hapanjuurileipä,yli 60 min,https://public.keskofiles.com/f/recipe/hapanjuurileipa_KR3_21?w=400&h=225&fit=crop&q=60&fm=jpg
Hauskat voileivät,alle 30 min,https://public.keskofiles.com/f/recipe/hauskat_voileiv_KR4_21?w=400&h=225&fit=crop&q=60&fm=jpg
Vegaaninen kanakastike,alle 30 min,https://public.keskofiles.com/f/recipe/vegaaninen_kana_KR4_21?w=400&h=225&fit=crop&q=60&fm=jpg
Paistettu lohi,30 - 60 min,https://public.keskofiles.com/f/recipe/paistettu_lohi_KR4_21?w=400&h=225&fit=crop&q=60&fm=jpg
Tofukeitto,alle 30 min,https://public.keskofiles.com/f/recipe/tofukeitto_KR4_21?w=400&h=225&fit=crop&q=60&fm=jpg
Ohrarieskat,alle 30 min,https://public.keskofiles.com/f/recipe/ohrarieskat_KR4_21?w=400&h=225&fit=crop&q=60&fm=jpg
Hapanjuurisämpylät,yli 60 min,https://public.keskofiles.com/f/recipe/hapanjuurisampy_KR4_21?w=400&h=225&fit=crop&q=60&fm=jpg
Kalapyörykkävartaat,alle 30 min,https://public.keskofiles.com/f/recipe/kalapyorykkav_KR4_21?w=400&h=225&fit=crop&q=60&fm=jpg
Vatruskat,yli 60 min,https://public.keskofiles.com/f/recipe/vatruskat_KR4_21?w=400&h=225&fit=crop&q=60&fm=jpg
Salviapestopizza,yli 60 min,https://public.keskofiles.com/f/recipe/salviapestopizza_21?w=400&h=225&fit=crop&q=60&fm=jpg
Täytetyt piparit,yli 60 min,https://public.keskofiles.com/f/recipe/taytetytpiparit_20?w=400&h=225&fit=crop&q=60&fm=jpg
Ahvenburgeri,30 - 60 min,https://public.keskofiles.com/f/recipe/ahvenburgeri_KR4_21?w=400&h=225&fit=crop&q=60&fm=jpg
Slaavilainen kanapata,30 - 60 min,https://public.keskofiles.com/f/recipe/slaavilainen_kan_KR3_21?w=400&h=225&fit=crop&q=60&fm=jpg
Yrttisalaatti,alle 15 min,https://public.keskofiles.com/f/recipe/yrttisalaatti_KR4_21?w=400&h=225&fit=crop&q=60&fm=jpg
Lapskoussi,yli 60 min,https://public.keskofiles.com/f/recipe/lapskoussi_KR4_21?w=400&h=225&fit=crop&q=60&fm=jpg
Tempurasilakat,30 - 60 min,https://public.keskofiles.com/f/recipe/tempurasilakat_KR4_21?w=400&h=225&fit=crop&q=60&fm=jpg
Helppo viikuna-suklaakakku,alle 30 min,https://public.keskofiles.com/f/recipe/Helppo_viikuna_KR11_21?w=400&h=225&fit=crop&q=60&fm=jpg
Kanamakaronilaatikko,30 - 60 min,https://public.keskofiles.com/f/recipe/kanamakaronilaa_KR4_21?w=400&h=225&fit=crop&q=60&fm=jpg
Vegaaninen nakkikastike,alle 30 min,https://public.keskofiles.com/f/recipe/vegaaninen_nakki_KR3_21?w=400&h=225&fit=crop&q=60&fm=jpg
Marokkolainen jauhelihapata,alle 30 min,https://public.keskofiles.com/f/recipe/marokkol_jauh_KR3_21?w=400&h=225&fit=crop&q=60&fm=jpg
Vietnamese Wings,yli 60 min,https://public.keskofiles.com/f/recipe/vietnamise_wings_KR3_21?w=400&h=225&fit=crop&q=60&fm=jpg
Helpot lounasleivät,alle 15 min,https://public.keskofiles.com/f/recipe/helpot_lounaslei_KR3_21?w=400&h=225&fit=crop&q=60&fm=jpg
Tonnikalakastike,alle 30 min,https://public.keskofiles.com/f/recipe/tonnikalakastike_KR3_21?w=400&h=225&fit=crop&q=60&fm=jpg
Kanasalaatti,alle 30 min,https://public.keskofiles.com/f/recipe/kanasalaatti_KR3_21?w=400&h=225&fit=crop&q=60&fm=jpg
Malai kofta,yli 60 min,https://public.keskofiles.com/f/recipe/malai_kofta_KR3_21?w=400&h=225&fit=crop&q=60&fm=jpg
Crème brûlée,yli 60 min,https://public.keskofiles.com/f/recipe/creme_brulee_KR3_21?w=400&h=225&fit=crop&q=60&fm=jpg
Kasvisbruschetat,yli 60 min,https://public.keskofiles.com/f/recipe/kasvisbruschetat_KR3_21?w=400&h=225&fit=crop&q=60&fm=jpg
Bataattikeitto,30 - 60 min,https://public.keskofiles.com/f/recipe/bataattikeitto_KR3_21?w=400&h=225&fit=crop&q=60&fm=jpg
Helppo avokadopasta,alle 15 min,https://public.keskofiles.com/f/recipe/helppo_avokadop_KR3_21?w=400&h=225&fit=crop&q=60&fm=jpg
Punainen currytahna,alle 15 min,https://public.keskofiles.com/f/recipe/punainen_currytahna_KR3_21?w=400&h=225&fit=crop&q=60&fm=jpg
Nakkiborschkeitto,alle 30 min,https://public.keskofiles.com/f/recipe/nakkiborschk_KR3_21?w=400&h=225&fit=crop&q=60&fm=jpg
Larb gai eli thaimaalainen kanasalaatti,alle 30 min,https://public.keskofiles.com/f/recipe/larb_gai_KR3_21?w=400&h=225&fit=crop&q=60&fm=jpg
Nakkimunakas salaatilla,alle 30 min,https://public.keskofiles.com/f/recipe/nakkimunakas_KR3_21?w=400&h=225&fit=crop&q=60&fm=jpg
Uunifeta-kanapasta,30 - 60 min,https://public.keskofiles.com/f/recipe/uunifeta_kanap_KR3_21?w=400&h=225&fit=crop&q=60&fm=jpg
